query_name,target_flat_file,target_source_pdb,target_accession,target_allergen,patch_id,patch_size,connected_pair_count,matrix_total_sum,unknown_pair_count,pcc
Cit_s_7_epitope,Pru_m_7_0101.connectivity_flat.csv,Pru_m_7_0101.pdb,Pru,m_7_0101,A_49_LYS,11,30,60,0,0.845612706957
Cit_s_7_epitope,Pru_m_7_0101.connectivity_flat.csv,Pru_m_7_0101.pdb,Pru,m_7_0101,A_73_PRO,10,20,40,0,0.842345708687
Cit_s_7_epitope,Pru_m_7_0101.connectivity_flat.csv,Pru_m_7_0101.pdb,Pru,m_7_0101,A_48_LEU,14,39,78,0,0.831092233502
Cit_s_7_epitope,Pru_m_7_0101.connectivity_flat.csv,Pru_m_7_0101.pdb,Pru,m_7_0101,A_76_ARG,14,29,58,0,0.828354097702
Cit_s_7_epitope,Pru_m_7_0101.connectivity_flat.csv,Pru_m_7_0101.pdb,Pru,m_7_0101,A_69_LYS,16,29,58,0,0.823393705970
Cit_s_7_epitope,Pru_m_7_0101.connectivity_flat.csv,Pru_m_7_0101.pdb,Pru,m_7_0101,A_45_GLU,10,31,62,0,0.802732578300
Cit_s_7_epitope,Pru_m_7_0101.connectivity_flat.csv,Pru_m_7_0101.pdb,Pru,m_7_0101,A_50_TYR,15,37,74,0,0.796560947054
Cit_s_7_epitope,Pru_m_7_0101.connectivity_flat.csv,Pru_m_7_0101.pdb,Pru,m_7_0101,A_58_CYS,13,27,54,0,0.796330259711
Cit_s_7_epitope,Pru_m_7_0101.connectivity_flat.csv,Pru_m_7_0101.pdb,Pru,m_7_0101,A_43_TYR,11,34,68,0,0.782225168468
Cit_s_7_epitope,Pru_m_7_0101.connectivity_flat.csv,Pru_m_7_0101.pdb,Pru,m_7_0101,A_46_ARG,11,34,68,0,0.782225168468
Cit_s_7_epitope,Pru_m_7_0101.connectivity_flat.csv,Pru_m_7_0101.pdb,Pru,m_7_0101,A_74_CYS,10,20,40,0,0.767664587154
Cit_s_7_epitope,Pru_m_7_0101.connectivity_flat.csv,Pru_m_7_0101.pdb,Pru,m_7_0101,A_44_GLN,12,33,66,0,0.759301951889
Cit_s_7_epitope,Pru_m_7_0101.connectivity_flat.csv,Pru_m_7_0101.pdb,Pru,m_7_0101,A_77_ASP,10,20,40,0,0.757950454822
Cit_s_7_epitope,Pru_m_7_0101.connectivity_flat.csv,Pru_m_7_0101.pdb,Pru,m_7_0101,A_47_CYS,16,46,92,0,0.743713849777
Cit_s_7_epitope,Pru_m_7_0101.connectivity_flat.csv,Pru_m_7_0101.pdb,Pru,m_7_0101,A_78_LEU,15,32,64,0,0.725906643248
Cit_s_7_epitope,Pru_m_7_0101.connectivity_flat.csv,Pru_m_7_0101.pdb,Pru,m_7_0101,A_88_PRO,16,28,56,0,0.719030364358
Cit_s_7_epitope,Pru_m_7_0101.connectivity_flat.csv,Pru_m_7_0101.pdb,Pru,m_7_0101,A_41_ALA,15,40,80,0,0.693881109592
Cit_s_7_epitope,Pru_m_7_0101.connectivity_flat.csv,Pru_m_7_0101.pdb,Pru,m_7_0101,A_52_GLY,16,32,64,0,0.677230906402
Cit_s_7_epitope,Pru_m_7_0101.connectivity_flat.csv,Pru_m_7_0101.pdb,Pru,m_7_0101,A_57_LYS,10,20,40,0,0.653453477133
Cit_s_7_epitope,Pru_m_7_0101.connectivity_flat.csv,Pru_m_7_0101.pdb,Pru,m_7_0101,A_42_GLY,8,20,40,0,0.649945927547
Cit_s_7_epitope,Pru_m_7_0101.connectivity_flat.csv,Pru_m_7_0101.pdb,Pru,m_7_0101,A_53_ILE,11,22,44,0,0.637726095998
Cit_s_7_epitope,Pru_m_7_0101.connectivity_flat.csv,Pru_m_7_0101.pdb,Pru,m_7_0101,A_70_ASP,7,12,24,0,0.630394907421
Cit_s_7_epitope,Pru_m_7_0101.connectivity_flat.csv,Pru_m_7_0101.pdb,Pru,m_7_0101,A_60_CYS,12,18,36,0,0.623146516123
Cit_s_7_epitope,Pru_m_7_0101.connectivity_flat.csv,Pru_m_7_0101.pdb,Pru,m_7_0101,A_71_GLU,11,19,38,0,0.622080882076
Cit_s_7_epitope,Pru_m_7_0101.connectivity_flat.csv,Pru_m_7_0101.pdb,Pru,m_7_0101,A_67_GLY,11,20,40,0,0.518455545534
Cit_s_7_epitope,Pru_m_7_0101.connectivity_flat.csv,Pru_m_7_0101.pdb,Pru,m_7_0101,A_68_ASN,11,20,40,0,0.518455545534
Cit_s_7_epitope,Pru_m_7_0101.connectivity_flat.csv,Pru_m_7_0101.pdb,Pru,m_7_0101,A_85_PRO,12,24,48,0,0.510423025277
Cit_s_7_epitope,Pru_m_7_0101.connectivity_flat.csv,Pru_m_7_0101.pdb,Pru,m_7_0101,A_59_HIS,9,16,32,0,0.482652911164
Cit_s_7_epitope,Pru_m_7_0101.connectivity_flat.csv,Pru_m_7_0101.pdb,Pru,m_7_0101,A_86_LYS,15,35,70,0,0.466575496125
Cit_s_7_epitope,Pru_m_7_0101.connectivity_flat.csv,Pru_m_7_0101.pdb,Pru,m_7_0101,A_56_GLU,10,17,34,0,0.458442178661
Cit_s_7_epitope,Pru_m_7_0101.connectivity_flat.csv,Pru_m_7_0101.pdb,Pru,m_7_0101,A_61_VAL,16,24,48,0,0.390915895797
Cit_s_7_epitope,Pru_m_7_0101.connectivity_flat.csv,Pru_m_7_0101.pdb,Pru,m_7_0101,A_35_GLY,13,26,52,0,0.388635995751
Cit_s_7_epitope,Pru_m_7_0101.connectivity_flat.csv,Pru_m_7_0101.pdb,Pru,m_7_0101,A_12_CYS,10,30,60,0,0.385771880796
Cit_s_7_epitope,Pru_m_7_0101.connectivity_flat.csv,Pru_m_7_0101.pdb,Pru,m_7_0101,A_13_LEU,10,30,60,0,0.383255779042
Cit_s_7_epitope,Pru_m_7_0101.connectivity_flat.csv,Pru_m_7_0101.pdb,Pru,m_7_0101,A_11_VAL,12,37,74,0,0.380894621640
Cit_s_7_epitope,Pru_m_7_0101.connectivity_flat.csv,Pru_m_7_0101.pdb,Pru,m_7_0101,A_14_LEU,10,30,60,0,0.360910172334
Cit_s_7_epitope,Pru_m_7_0101.connectivity_flat.csv,Pru_m_7_0101.pdb,Pru,m_7_0101,A_10_LEU,12,38,76,0,0.352263707591
Cit_s_7_epitope,Pru_m_7_0101.connectivity_flat.csv,Pru_m_7_0101.pdb,Pru,m_7_0101,A_79_LYS,10,26,52,0,0.340929479185
Cit_s_7_epitope,Pru_m_7_0101.connectivity_flat.csv,Pru_m_7_0101.pdb,Pru,m_7_0101,A_1_MET,5,10,20,0,0.340080866363
Cit_s_7_epitope,Pru_m_7_0101.connectivity_flat.csv,Pru_m_7_0101.pdb,Pru,m_7_0101,A_9_LEU,11,34,68,0,0.337336801796
Cit_s_7_epitope,Pru_m_7_0101.connectivity_flat.csv,Pru_m_7_0101.pdb,Pru,m_7_0101,A_2_LYS,6,14,28,0,0.329497752061
Cit_s_7_epitope,Pru_m_7_0101.connectivity_flat.csv,Pru_m_7_0101.pdb,Pru,m_7_0101,A_66_TYR,9,15,30,0,0.322698231473
Cit_s_7_epitope,Pru_m_7_0101.connectivity_flat.csv,Pru_m_7_0101.pdb,Pru,m_7_0101,A_40_LYS,10,20,40,0,0.320512422821
Cit_s_7_epitope,Pru_m_7_0101.connectivity_flat.csv,Pru_m_7_0101.pdb,Pru,m_7_0101,A_8_PHE,11,34,68,0,0.318832721155
Cit_s_7_epitope,Pru_m_7_0101.connectivity_flat.csv,Pru_m_7_0101.pdb,Pru,m_7_0101,A_15_LEU,10,30,60,0,0.318771072539
Cit_s_7_epitope,Pru_m_7_0101.connectivity_flat.csv,Pru_m_7_0101.pdb,Pru,m_7_0101,A_80_ASN,10,25,50,0,0.314223839998
Cit_s_7_epitope,Pru_m_7_0101.connectivity_flat.csv,Pru_m_7_0101.pdb,Pru,m_7_0101,A_29_PHE,11,23,46,0,0.304229519340
Cit_s_7_epitope,Pru_m_7_0101.connectivity_flat.csv,Pru_m_7_0101.pdb,Pru,m_7_0101,A_31_ASP,11,25,50,0,0.300502828659
Cit_s_7_epitope,Pru_m_7_0101.connectivity_flat.csv,Pru_m_7_0101.pdb,Pru,m_7_0101,A_83_GLY,9,24,48,0,0.299143636484
Cit_s_7_epitope,Pru_m_7_0101.connectivity_flat.csv,Pru_m_7_0101.pdb,Pru,m_7_0101,A_64_GLY,12,22,44,0,0.293372714599
Cit_s_7_epitope,Pru_m_7_0101.connectivity_flat.csv,Pru_m_7_0101.pdb,Pru,m_7_0101,A_7_THR,10,30,60,0,0.292236572070
Cit_s_7_epitope,Pru_m_7_0101.connectivity_flat.csv,Pru_m_7_0101.pdb,Pru,m_7_0101,A_63_SER,10,16,32,0,0.285850368181
Cit_s_7_epitope,Pru_m_7_0101.connectivity_flat.csv,Pru_m_7_0101.pdb,Pru,m_7_0101,A_33_LYS,13,24,48,0,0.285492230859
Cit_s_7_epitope,Pru_m_7_0101.connectivity_flat.csv,Pru_m_7_0101.pdb,Pru,m_7_0101,A_27_SER,11,26,52,0,0.284385335907
Cit_s_7_epitope,Pru_m_7_0101.connectivity_flat.csv,Pru_m_7_0101.pdb,Pru,m_7_0101,A_5_PHE,10,30,60,0,0.283665764177
Cit_s_7_epitope,Pru_m_7_0101.connectivity_flat.csv,Pru_m_7_0101.pdb,Pru,m_7_0101,A_4_GLY,11,34,68,0,0.280450292822
Cit_s_7_epitope,Pru_m_7_0101.connectivity_flat.csv,Pru_m_7_0101.pdb,Pru,m_7_0101,A_65_THR,13,25,50,0,0.276326076308
Cit_s_7_epitope,Pru_m_7_0101.connectivity_flat.csv,Pru_m_7_0101.pdb,Pru,m_7_0101,A_6_ALA,10,30,60,0,0.271692337831
Cit_s_7_epitope,Pru_m_7_0101.connectivity_flat.csv,Pru_m_7_0101.pdb,Pru,m_7_0101,A_16_SER,10,30,60,0,0.268796763753
Cit_s_7_epitope,Pru_m_7_0101.connectivity_flat.csv,Pru_m_7_0101.pdb,Pru,m_7_0101,A_32_SER,10,23,46,0,0.263469624958
Cit_s_7_epitope,Pru_m_7_0101.connectivity_flat.csv,Pru_m_7_0101.pdb,Pru,m_7_0101,A_81_SER,7,17,34,0,0.259892293636
Cit_s_7_epitope,Pru_m_7_0101.connectivity_flat.csv,Pru_m_7_0101.pdb,Pru,m_7_0101,A_82_LYS,7,17,34,0,0.259892293636
Cit_s_7_epitope,Pru_m_7_0101.connectivity_flat.csv,Pru_m_7_0101.pdb,Pru,m_7_0101,A_3_LEU,8,22,44,0,0.255006457026
Cit_s_7_epitope,Pru_m_7_0101.connectivity_flat.csv,Pru_m_7_0101.pdb,Pru,m_7_0101,A_84_ASN,8,21,42,0,0.249407917025
Cit_s_7_epitope,Pru_m_7_0101.connectivity_flat.csv,Pru_m_7_0101.pdb,Pru,m_7_0101,A_26_GLY,13,29,58,0,0.246984329465
Cit_s_7_epitope,Pru_m_7_0101.connectivity_flat.csv,Pru_m_7_0101.pdb,Pru,m_7_0101,A_28_SER,8,18,36,0,0.225391919712
Cit_s_7_epitope,Pru_m_7_0101.connectivity_flat.csv,Pru_m_7_0101.pdb,Pru,m_7_0101,A_25_ALA,10,24,48,0,0.210311919429
Cit_s_7_epitope,Pru_m_7_0101.connectivity_flat.csv,Pru_m_7_0101.pdb,Pru,m_7_0101,A_39_SER,9,15,30,0,0.200740757627
Cit_s_7_epitope,Pru_m_7_0101.connectivity_flat.csv,Pru_m_7_0101.pdb,Pru,m_7_0101,A_17_SER,9,26,52,0,0.197318327700
Cit_s_7_epitope,Pru_m_7_0101.connectivity_flat.csv,Pru_m_7_0101.pdb,Pru,m_7_0101,A_36_VAL,10,17,34,0,0.184397222744
Cit_s_7_epitope,Pru_m_7_0101.connectivity_flat.csv,Pru_m_7_0101.pdb,Pru,m_7_0101,A_18_SER,9,26,52,0,0.162266777404
Cit_s_7_epitope,Pru_m_7_0101.connectivity_flat.csv,Pru_m_7_0101.pdb,Pru,m_7_0101,A_23_THR,9,21,42,0,0.149872560912
Cit_s_7_epitope,Pru_m_7_0101.connectivity_flat.csv,Pru_m_7_0101.pdb,Pru,m_7_0101,A_24_MET,7,16,32,0,0.135136765722
Cit_s_7_epitope,Pru_m_7_0101.connectivity_flat.csv,Pru_m_7_0101.pdb,Pru,m_7_0101,A_19_VAL,9,26,52,0,0.129009569422
Cit_s_7_epitope,Pru_m_7_0101.connectivity_flat.csv,Pru_m_7_0101.pdb,Pru,m_7_0101,A_22_VAL,9,24,48,0,0.123565239009
Cit_s_7_epitope,Pru_m_7_0101.connectivity_flat.csv,Pru_m_7_0101.pdb,Pru,m_7_0101,A_21_GLU,9,26,52,0,0.110178238816
Cit_s_7_epitope,Pru_m_7_0101.connectivity_flat.csv,Pru_m_7_0101.pdb,Pru,m_7_0101,A_20_PHE,10,30,60,0,0.094693716621
