rank,query_allergen,target_allergen,best_pcc,query_patch_id,target_patch_id,query_source_pdb,target_source_pdb,query_accession,target_accession,query_patch_count,target_patch_count,patch_pairs_tested,valid_pcc_count,nan_pcc_count,patch_hits
1,Bos d 6,Can f 3,1.000000000000,A_239_VAL,A_240_VAL,P02769_Bos d 6.pdb,P49822_Can f 3.pdb,P02769,P49822,463,457,211591,211591,0,79053
1,Bos d 6,Cav p 4,1.000000000000,A_1_MET,A_1_MET,P02769_Bos d 6.pdb,Q6WDN9_Cav p 4.pdb,P02769,Q6WDN9,463,459,212517,212517,0,73379
1,Bos d 6,Equ c 3,1.000000000000,A_117_LYS,A_117_LYS,P02769_Bos d 6.pdb,P35747_Equ c 3.pdb,P02769,P35747,463,457,211591,211591,0,80820
1,Bos d 6,Fel d 2,1.000000000000,A_11_LEU,A_11_LEU,P02769_Bos d 6.pdb,P49064_Fel d 2.pdb,P02769,P49064,463,463,214369,214369,0,76291
1,Bos d 6,Gal d 5,1.000000000000,A_1_MET,A_1_MET,P02769_Bos d 6.pdb,P19121_Gal d 5.pdb,P02769,P19121,463,482,223166,223166,0,65887
1,Bos d 6,Sus s 1,1.000000000000,A_1_MET,A_1_MET,P02769_Bos d 6.pdb,P08835_Sus s 1.pdb,P02769,P08835,463,459,212517,212517,0,77533
7,Bos d 6,Act d 1,0.987126775078,A_10_LEU,A_17_THR,P02769_Bos d 6.pdb,A5HII1_Act d 1.pdb,P02769,A5HII1,463,272,125936,125936,0,26260
8,Bos d 6,Can f 6,0.981528879179,A_436_ARG,A_142_PRO,P02769_Bos d 6.pdb,H2B3G5_Can f 6.pdb,P02769,H2B3G5,463,146,67598,67598,0,17574
9,Bos d 6,Sco s 1,0.978805872407,A_317_GLU,A_40_SER,P02769_Bos d 6.pdb,D3GME4_Sco s 1.pdb,P02769,D3GME4,463,84,38892,38892,0,14023
10,Bos d 6,Phl p 6,0.975301458534,A_566_GLN,A_27_THR,P02769_Bos d 6.pdb,P43215_Phl p 6.pdb,P02769,P43215,463,113,52319,52319,0,14498
11,Bos d 6,Gal d 8,0.974566671792,A_319_ASP,A_45_LYS,P02769_Bos d 6.pdb,C1L370_Gal d 8.pdb,P02769,C1L370,463,82,37966,37966,0,15110
12,Bos d 6,Gal d 1,0.970147584758,A_373_ALA,A_157_ALA,P02769_Bos d 6.pdb,P01005_Gal d 1.pdb,P02769,P01005,463,180,83340,83340,0,24203
13,Bos d 6,Hel as 1,0.969679047962,A_66_LEU,A_197_LEU,P02769_Bos d 6.pdb,O97192_Hel as 1.pdb,P02769,O97192,463,284,131492,131492,0,54057
13,Bos d 6,Oct v 1,0.969679047962,A_66_LEU,A_197_LEU,P02769_Bos d 6.pdb,Q2V0V0_Oct v 1.pdb,P02769,Q2V0V0,463,284,131492,131492,0,53536
15,Bos d 6,Bomb m 3,0.966030708842,A_371_ARG,A_129_VAL,P02769_Bos d 6.pdb,Q1HPQ0_Bomb m 3.pdb,P02769,Q1HPQ0,463,285,131955,131955,0,50282
16,Bos d 6,Cra g 1,0.963368250568,A_375_GLU,A_264_LYS,P02769_Bos d 6.pdb,B7XC66_Cra g 1.pdb,P02769,B7XC66,463,284,131492,131492,0,50775
17,Bos d 6,Api m 1,0.962200081680,A_10_LEU,A_11_LEU,P02769_Bos d 6.pdb,P00630_Api m 1.pdb,P02769,P00630,463,145,67135,67135,0,15948
18,Bos d 6,Ole e 9,0.961674478588,A_9_LEU,A_12_PHE,P02769_Bos d 6.pdb,Q94G86_Ole e 9.pdb,P02769,Q94G86,463,337,156031,156031,0,26000
19,Bos d 6,Pol d 5,0.961616717419,A_66_LEU,A_69_GLU,P02769_Bos d 6.pdb,P81656_Pol d 5.pdb,P02769,P81656,463,163,75469,75469,0,16733
20,Bos d 6,Met e 1,0.961271597461,A_65_LYS,A_251_VAL,P02769_Bos d 6.pdb,Q25456_Met e 1.pdb,P02769,Q25456,463,274,126862,126862,0,47816
20,Bos d 6,Pan s 1,0.961271597461,A_65_LYS,A_251_VAL,P02769_Bos d 6.pdb,O61379_Pan s 1.pdb,P02769,O61379,463,274,126862,126862,0,48908
22,Bos d 6,Gly m 4,0.960315006273,A_256_LYS,A_7_GLU,P02769_Bos d 6.pdb,P26987_Gly m 4.pdb,P02769,P26987,463,139,64357,64357,0,23303
23,Bos d 6,Cha f 1,0.958514228459,A_68_ASN,A_264_LYS,P02769_Bos d 6.pdb,Q9N2R3_Cha f 1.pdb,P02769,Q9N2R3,463,264,122232,122232,0,46196
24,Bos d 6,Pis v 3,0.957905754333,A_539_LEU,A_30_PRO,P02769_Bos d 6.pdb,B4X640_Pis v 3.pdb,P02769,B4X640,463,437,202331,202331,0,53749
25,Bos d 6,Bomb m 1,0.957624690572,A_245_LYS,A_295_LYS,P02769_Bos d 6.pdb,Q2F5T5_Bomb m 1.pdb,P02769,Q2F5T5,463,240,111120,111120,0,33546
26,Bos d 6,Blo t 10,0.957185933710,A_375_GLU,A_235_ALA,P02769_Bos d 6.pdb,A7XZI4_Blo t 10.pdb,P02769,A7XZI4,463,284,131492,131492,0,48528
26,Bos d 6,Der p 10,0.957185933710,A_375_GLU,A_235_ALA,P02769_Bos d 6.pdb,O18416_Der p 10.pdb,P02769,O18416,463,284,131492,131492,0,47405
28,Bos d 6,Bos d 5,0.957109654589,A_263_LYS,A_150_GLU,P02769_Bos d 6.pdb,P02754_Bos d 5.pdb,P02769,P02754,463,133,61579,61579,0,17940
29,Bos d 6,Cyn d 1,0.956574842288,A_140_LYS,A_204_LYS,P02769_Bos d 6.pdb,O04701_Cyn d 1.pdb,P02769,O04701,463,170,78710,78710,0,23086
30,Bos d 6,Lep w 1,0.956574170872,A_378_ALA,A_41_GLU,P02769_Bos d 6.pdb,B5WX08_Lep w 1.pdb,P02769,B5WX08,463,82,37966,37966,0,13672
31,Bos d 6,Can f 2,0.955599142655,A_397_PHE,A_92_THR,P02769_Bos d 6.pdb,O18874_Can f 2.pdb,P02769,O18874,463,150,69450,69450,0,14828
32,Bos d 6,Pen m 2,0.953706354478,A_464_PRO,A_256_ARG,P02769_Bos d 6.pdb,C7E3T4_Pen m 2.pdb,P02769,C7E3T4,463,231,106953,106953,0,32034
33,Bos d 6,Pis s 1,0.953226134683,A_563_THR,A_250_LYS,P02769_Bos d 6.pdb,Q702P1_Pis s 1.pdb,P02769,Q702P1,463,307,142141,142141,0,33785
34,Bos d 6,Gal d 2,0.952279887595,A_72_GLU,A_264_LYS,P02769_Bos d 6.pdb,P01012_Gal d 2.pdb,P02769,P01012,463,246,113898,113898,0,25951
35,Bos d 6,Gal d 3,0.951973527765,A_458_THR,A_667_ARG,P02769_Bos d 6.pdb,P02789_Gal d 3.pdb,P02769,P02789,463,465,215295,215295,0,61161
36,Bos d 6,Amb a 6,0.951594230144,A_138_LYS,A_117_PRO,P02769_Bos d 6.pdb,O04004_Amb a 6.pdb,P02769,O04004,463,98,45374,45374,0,11641
37,Bos d 6,Alt a 6,0.951040811246,A_528_LYS,A_226_ASP,P02769_Bos d 6.pdb,Q9HDT3_Alt a 6.pdb,P02769,Q9HDT3,463,254,117602,117602,0,35689
38,Bos d 6,Der f 20,0.950874460469,A_565_GLU,A_147_GLU,P02769_Bos d 6.pdb,A7XZJ2_Der f 20.pdb,P02769,A7XZJ2,463,232,107416,107416,0,31534
38,Bos d 6,Der p 20,0.950874460469,A_565_GLU,A_147_GLU,P02769_Bos d 6.pdb,B2ZSY4_Der p 20.pdb,P02769,B2ZSY4,463,233,107879,107879,0,30108
40,Bos d 6,Hel a 6,0.950486988866,A_61_ASP,A_120_ASP,P02769_Bos d 6.pdb,A0A251RNJ1_Hel a 6.pdb,P02769,A0A251RNJ1,463,258,119454,119454,0,29101
41,Bos d 6,Bla g 7,0.950214957143,A_378_ALA,A_41_GLU,P02769_Bos d 6.pdb,Q9NG56_Bla g 7.pdb,P02769,Q9NG56,463,284,131492,131492,0,49039
42,Bos d 6,Act d 2,0.950181545942,A_13_PHE,A_8_SER,P02769_Bos d 6.pdb,P81370_Act d 2.pdb,P02769,P81370,463,160,74080,74080,0,11498
43,Bos d 6,Bla g 5,0.949525929105,A_296_SER,A_111_ASP,P02769_Bos d 6.pdb,O18598_Bla g 5.pdb,P02769,O18598,463,153,70839,70839,0,22544
44,Bos d 6,Bet v 6,0.948134470091,A_377_GLU,A_228_ALA,P02769_Bos d 6.pdb,Q9FUW6_Bet v 6.pdb,P02769,Q9FUW6,463,208,96304,96304,0,29784
45,Bos d 6,Asc l 3,0.947359737127,A_375_GLU,A_107_LYS,P02769_Bos d 6.pdb,C0L3K2_Asc l 3.pdb,P02769,C0L3K2,463,287,132881,132881,0,51195
46,Bos d 6,Rat n 1,0.947241997054,A_259_THR,A_144_ASP,P02769_Bos d 6.pdb,P02761_Rat n 1.pdb,P02769,P02761,463,148,68524,68524,0,19691
47,Bos d 6,Ani s 3,0.947230402233,A_69_GLU,A_73_GLU,P02769_Bos d 6.pdb,Q9NAS5_Ani s 3.pdb,P02769,Q9NAS5,463,284,131492,131492,0,51684
48,Bos d 6,Pol d 1,0.947037694306,A_514_LEU,A_300_ARG,P02769_Bos d 6.pdb,Q6Q252_Pol d 1.pdb,P02769,Q6Q252,463,216,100008,100008,0,24661
49,Bos d 6,Der f 10,0.947003366319,A_375_GLU,A_235_ALA,P02769_Bos d 6.pdb,Q23939_Der f 10.pdb,P02769,Q23939,463,284,131492,131492,0,47665
50,Bos d 6,Sal s 1,0.946973902564,A_296_SER,A_40_SER,P02769_Bos d 6.pdb,Q91482_Sal s 1.pdb,P02769,Q91482,463,84,38892,38892,0,14382
51,Bos d 6,Hom a 1,0.946945089160,A_65_LYS,A_262_ASN,P02769_Bos d 6.pdb,O44119_Hom a 1.pdb,P02769,O44119,463,284,131492,131492,0,48988
51,Bos d 6,Lit v 1,0.946945089160,A_65_LYS,A_262_ASN,P02769_Bos d 6.pdb,B4YAH6_Lit v 1.pdb,P02769,B4YAH6,463,284,131492,131492,0,49032
51,Bos d 6,Pen a 1,0.946945089160,A_65_LYS,A_262_ASN,P02769_Bos d 6.pdb,Q3Y8M6_Pen a 1.pdb,P02769,Q3Y8M6,463,284,131492,131492,0,49102
51,Bos d 6,Pen m 1,0.946945089160,A_65_LYS,A_262_ASN,P02769_Bos d 6.pdb,A1KYZ2_Pen m 1.pdb,P02769,A1KYZ2,463,284,131492,131492,0,49075
51,Bos d 6,Scy p 1,0.946945089160,A_65_LYS,A_262_ASN,P02769_Bos d 6.pdb,A7L5V2_Scy p 1.pdb,P02769,A7L5V2,463,284,131492,131492,0,49492
56,Bos d 6,Ole e 1,0.946610782415,A_153_ASP,A_77_PHE,P02769_Bos d 6.pdb,P19963_Ole e 1.pdb,P02769,P19963,463,113,52319,52319,0,14315
57,Bos d 6,Ves v 3,0.946154626775,A_145_THR,A_685_PRO,P02769_Bos d 6.pdb,B1A4F7_Ves v 3.pdb,P02769,B1A4F7,463,528,244464,244464,0,51408
58,Bos d 6,Ana o 1,0.945296318493,A_378_ALA,A_496_LYS,P02769_Bos d 6.pdb,Q8L5L5_Ana o 1.pdb,P02769,Q8L5L5,463,426,197238,197238,0,51980
59,Bos d 6,Gly m 6,0.944402623589,A_409_ASN,A_191_LYS,P02769_Bos d 6.pdb,P04405_Gly m 6.pdb,P02769,P04405,463,364,168532,168532,0,29647
60,Bos d 6,Api m 5,0.944066974276,A_213_LEU,A_510_ARG,P02769_Bos d 6.pdb,B2D0J4_Api m 5.pdb,P02769,B2D0J4,463,532,246316,246316,0,48703
61,Bos d 6,Par j 2,0.943088228791,A_302_CYS,A_107_ASP,P02769_Bos d 6.pdb,P55958_Par j 2.pdb,P02769,P55958,463,122,56486,56486,0,15082
62,Bos d 6,Cor a 9,0.942697738372,A_9_LEU,A_8_SER,P02769_Bos d 6.pdb,Q8W1C2_Cor a 9.pdb,P02769,Q8W1C2,463,391,181033,180570,463,29242
63,Bos d 6,Pru p 7,0.942501727460,A_309_LYS,A_32_LYS,P02769_Bos d 6.pdb,P86888_Pru p 7.pdb,P02769,P86888,463,52,24076,24076,0,6842
64,Bos d 6,Ara h 3,0.942188430082,A_410_LEU,A_510_LYS,P02769_Bos d 6.pdb,Q9SQH7_Ara h 3.pdb,P02769,Q9SQH7,463,410,189830,189830,0,29480
65,Bos d 6,Phl p 2,0.942175451191,A_13_PHE,A_10_SER,P02769_Bos d 6.pdb,P43214_Phl p 2.pdb,P02769,P43214,463,103,47689,47689,0,11800
66,Bos d 6,Ara h 1,0.940163400451,A_563_THR,A_33_LYS,P02769_Bos d 6.pdb,P43238_Ara h 1.pdb,P02769,P43238,463,512,237056,236593,463,48856
67,Bos d 6,Ara h 8,0.939632509190,A_528_LYS,A_8_ASP,P02769_Bos d 6.pdb,Q6VT83_Ara h 8.pdb,P02769,Q6VT83,463,136,62968,62968,0,20388
68,Bos d 6,Cor a 1,0.939531780666,A_350_LEU,A_147_LYS,P02769_Bos d 6.pdb,Q9SWR4_Cor a 1.pdb,P02769,Q9SWR4,463,140,64820,64820,0,19487
69,Bos d 6,Ara h 2,0.938642654858,A_134_PRO,A_81_ARG,P02769_Bos d 6.pdb,Q6PSU2_Ara h 2.pdb,P02769,Q6PSU2,463,153,70839,70839,0,10783
70,Bos d 6,Der f 8,0.937791692013,A_245_LYS,A_118_GLU,P02769_Bos d 6.pdb,P46436_Der f 8.pdb,P02769,P46436,463,159,73617,73617,0,23043
71,Bos d 6,Phl p 5,0.937546575199,A_566_GLN,A_60_THR,P02769_Bos d 6.pdb,Q40960_Phl p 5.pdb,P02769,Q40960,463,277,128251,128251,0,31830
72,Bos d 6,Der f 1,0.936311893026,A_363_GLU,A_194_PRO,P02769_Bos d 6.pdb,Q58A71_Der f 1.pdb,P02769,Q58A71,463,219,101397,101397,0,23846
73,Bos d 6,Pla l 1,0.936167431025,A_296_SER,A_45_ASP,P02769_Bos d 6.pdb,P82242_Pla l 1.pdb,P02769,P82242,463,105,48615,48615,0,12727
74,Bos d 6,Ana o 3,0.935194104814,A_11_LEU,A_8_LEU,P02769_Bos d 6.pdb,Q8H2B8_Ana o 3.pdb,P02769,Q8H2B8,463,117,54171,54171,0,8009
75,Bos d 6,Fel d 4,0.935103848992,A_498_LYS,A_82_THR,P02769_Bos d 6.pdb,Q5VFH6_Fel d 4.pdb,P02769,Q5VFH6,463,145,67135,67135,0,17494
76,Bos d 6,Tri a 19,0.935064997374,A_217_ALA,A_21_ARG,P02769_Bos d 6.pdb,Q402I5_Tri a 19.pdb,P02769,Q402I5,463,439,203257,203257,0,7740
77,Bos d 6,Ory c 3,0.934927725987,A_590_CYS,A_88_CYS,P02769_Bos d 6.pdb,Q9GK67_Ory c 3.pdb,P02769,Q9GK67,463,85,39355,39355,0,11849
78,Bos d 6,Art v 3,0.934464004308,A_334_GLU,A_23_ALA,P02769_Bos d 6.pdb,C4MGG9_Art v 3.pdb,P02769,C4MGG9,463,101,46763,46763,0,12099
79,Bos d 6,Api m 3,0.933768098870,A_412_LYS,A_115_LEU,P02769_Bos d 6.pdb,Q5BLY5_Api m 3.pdb,P02769,Q5BLY5,463,274,126862,126862,0,32520
80,Bos d 6,Bos d 4,0.933158775413,A_607_ALA,A_18_GLN,P02769_Bos d 6.pdb,P00711_Bos d 4.pdb,P02769,P00711,463,114,52782,52782,0,11833
81,Bos d 6,Phl p 1,0.932922378752,A_303_ASP,A_104_GLU,P02769_Bos d 6.pdb,P43213_Phl p 1.pdb,P02769,P43213,463,192,88896,88896,0,24798
82,Bos d 6,Gly m 5,0.932311074318,A_221_LEU,A_223_ARG,P02769_Bos d 6.pdb,P25974_Gly m 5.pdb,P02769,P25974,463,324,150012,150012,0,29778
83,Bos d 6,Fag e 2,0.932280625438,A_607_ALA,A_17_THR,P02769_Bos d 6.pdb,Q2PS07_Fag e 2.pdb,P02769,Q2PS07,463,125,57875,57875,0,15857
84,Bos d 6,Pla a 1,0.931464968973,A_494_GLU,A_158_LYS,P02769_Bos d 6.pdb,Q8GT41_Pla a 1.pdb,P02769,Q8GT41,463,141,65283,65283,0,19127
85,Bos d 6,Bla g 2,0.931168050707,A_412_LYS,A_49_ASN,P02769_Bos d 6.pdb,P54958_Bla g 2.pdb,P02769,P54958,463,242,112046,112046,0,23907
86,Bos d 6,Art v 1,0.930148551714,A_337_ASP,A_42_ASP,P02769_Bos d 6.pdb,Q84ZX5_Art v 1.pdb,P02769,Q84ZX5,463,126,58338,58338,0,12064
87,Bos d 6,Lup an 1,0.930106223299,A_464_PRO,A_41_GLU,P02769_Bos d 6.pdb,B8Q5G0_Lup an 1.pdb,P02769,B8Q5G0,463,505,233815,233815,0,38366
88,Bos d 6,Gad m 1,0.929841057324,A_296_SER,A_41_ALA,P02769_Bos d 6.pdb,Q90YL0_Gad m 1.pdb,P02769,Q90YL0,463,82,37966,37966,0,11362
89,Bos d 6,Phl p 11,0.929232484837,A_463_LYS,A_121_LYS,P02769_Bos d 6.pdb,Q8H6L7_Phl p 11.pdb,P02769,Q8H6L7,463,109,50467,50467,0,12754
90,Bos d 6,Blo t 8,0.928274562428,A_573_ASN,A_76_GLU,P02769_Bos d 6.pdb,C8CGT7_Blo t 8.pdb,P02769,C8CGT7,463,173,80099,80099,0,23000
91,Bos d 6,Ara h 15,0.927129591074,A_8_SER,A_82_PHE,P02769_Bos d 6.pdb,Q647G3_Ara h 15.pdb,P02769,Q647G3,463,165,76395,76395,0,11121
92,Bos d 6,Che a 1,0.926871000488,A_464_PRO,A_147_LYS,P02769_Bos d 6.pdb,Q8LGR0_Che a 1.pdb,P02769,Q8LGR0,463,138,63894,63894,0,15572
93,Bos d 6,Der p 8,0.926080410841,A_140_LYS,A_126_PRO,P02769_Bos d 6.pdb,P46419_Der p 8.pdb,P02769,P46419,463,158,73154,73154,0,17845
94,Bos d 6,Ana o 2,0.925969789377,A_93_LEU,A_203_PHE,P02769_Bos d 6.pdb,Q8GZP6_Ana o 2.pdb,P02769,Q8GZP6,463,345,159735,159272,463,32805
95,Bos d 6,Art v 6,0.925566257264,A_78_VAL,A_256_LYS,P02769_Bos d 6.pdb,A0PJ16_Art v 6.pdb,P02769,A0PJ16,463,260,120380,120380,0,34474
96,Bos d 6,Mes a 1,0.925423405396,A_531_THR,A_109_LYS,P02769_Bos d 6.pdb,Q9QXU1_Mes a 1.pdb,P02769,Q9QXU1,463,136,62968,62968,0,15994
97,Bos d 6,Equ c 1,0.925278817027,A_317_GLU,A_46_VAL,P02769_Bos d 6.pdb,Q95182_Equ c 1.pdb,P02769,Q95182,463,142,65746,65746,0,17743
98,Bos d 6,Aes h 1,0.924907876848,A_532_PHE,A_34_ALA,P02769_Bos d 6.pdb,Q7M1F3_Aes h 1.pdb,P02769,Q7M1F3,463,43,19909,19909,0,3746
99,Bos d 6,Cav p 1,0.924752023828,A_377_GLU,A_147_LEU,P02769_Bos d 6.pdb,A0A484HM70_Cav p 1.pdb,P02769,A0A484HM70,463,131,60653,60653,0,16987
100,Bos d 6,Blo t 12,0.924709343728,A_28_LYS,A_68_GLU,P02769_Bos d 6.pdb,Q17282_Blo t 12.pdb,P02769,Q17282,463,139,64357,64357,0,11852
101,Bos d 6,Aln g 1,0.924314694596,A_236_ALA,A_144_LEU,P02769_Bos d 6.pdb,P38948_Aln g 1.pdb,P02769,P38948,463,139,64357,64357,0,19046
102,Bos d 6,Amb a 1,0.924309374196,A_16_ALA,A_46_ALA,P02769_Bos d 6.pdb,P27759_Amb a 1.pdb,P02769,P27759,463,263,121769,121769,0,28730
103,Bos d 6,Gad c 1,0.924295700050,A_195_GLU,A_32_LYS,P02769_Bos d 6.pdb,P02622_Gad c 1.pdb,P02769,P02622,463,85,39355,39355,0,14772
104,Bos d 6,Asp f 3,0.923822013310,A_347_ASP,A_4_LEU,P02769_Bos d 6.pdb,O43099_Asp f 3.pdb,P02769,O43099,463,119,55097,55097,0,15963
105,Bos d 6,Thu a 1,0.923290321064,A_263_LYS,A_65_LYS,P02769_Bos d 6.pdb,C6GKU3_Thu a 1.pdb,P02769,C6GKU3,463,83,38429,38429,0,12986
106,Bos d 6,Act d 8,0.923263620494,A_584_ALA,A_125_ASP,P02769_Bos d 6.pdb,D1YSM5_Act d 8.pdb,P02769,D1YSM5,463,137,63431,63431,0,17742
107,Bos d 6,Sal s 3,0.922316900117,A_494_GLU,A_10_PRO,P02769_Bos d 6.pdb,B5DGM7_Sal s 3.pdb,P02769,B5DGM7,463,233,107879,107879,0,29974
108,Bos d 6,Cyp c 1,0.921961508480,A_528_LYS,A_65_LYS,P02769_Bos d 6.pdb,Q8UUS3_Cyp c 1.pdb,P02769,Q8UUS3,463,84,38892,38892,0,12649
109,Bos d 6,Can f 1,0.921410584891,A_11_LEU,A_12_LEU,P02769_Bos d 6.pdb,O18873_Can f 1.pdb,P02769,O18873,463,143,66209,66209,0,14786
110,Bos d 6,Mus m 1,0.921134470000,A_356_GLU,A_38_HIS,P02769_Bos d 6.pdb,P02762_Mus m 1.pdb,P02769,P02762,463,147,68061,68061,0,19284
111,Bos d 6,Pru p 1,0.921129746763,A_316_VAL,A_130_LYS,P02769_Bos d 6.pdb,Q2I6V8_Pru p 1.pdb,P02769,Q2I6V8,463,138,63894,63894,0,18168
112,Bos d 6,Ves v 5,0.921081525503,A_317_GLU,A_154_LYS,P02769_Bos d 6.pdb,Q05110_Ves v 5.pdb,P02769,Q05110,463,164,75932,75932,0,17278
113,Bos d 6,Act d 10,0.920851525781,A_195_GLU,A_65_ASP,P02769_Bos d 6.pdb,P86137_Act d 10.pdb,P02769,P86137,463,69,31947,31947,0,5710
114,Bos d 6,Ves v 1,0.919910080936,A_498_LYS,A_219_THR,P02769_Bos d 6.pdb,P49369_Ves v 1.pdb,P02769,P49369,463,219,101397,101397,0,20619
115,Bos d 6,Sal s 2,0.919741625678,A_131_ASP,A_265_ASP,P02769_Bos d 6.pdb,B5DGQ7_Sal s 2.pdb,P02769,B5DGQ7,463,245,113435,113435,0,34904
116,Bos d 6,Der p 1,0.919499509018,A_109_GLY,A_254_ARG,P02769_Bos d 6.pdb,P08176_Der p 1.pdb,P02769,P08176,463,217,100471,100471,0,23748
117,Bos d 6,Ani s 1,0.919267689526,A_385_ALA,A_177_CYS,P02769_Bos d 6.pdb,Q7Z1K3_Ani s 1.pdb,P02769,Q7Z1K3,463,163,75469,75469,0,18809
118,Bos d 6,Per a 1,0.916595583294,A_97_GLU,A_208_LYS,P02769_Bos d 6.pdb,O18528_Per a 1.pdb,P02769,O18528,463,261,120843,120843,0,32541
119,Bos d 6,Api g 6,0.916588574381,A_385_ALA,A_34_PRO,P02769_Bos d 6.pdb,P86809_Api g 6.pdb,P02769,P86809,463,55,25465,25465,0,7421
120,Bos d 6,Sal k 5,0.916107126950,A_138_LYS,A_127_ALA,P02769_Bos d 6.pdb,E2D0Z0_Sal k 5.pdb,P02769,E2D0Z0,463,122,56486,56486,0,13905
121,Bos d 6,Cup a 1,0.915947392115,A_597_LYS,A_349_LYS,P02769_Bos d 6.pdb,Q9SCG9_Cup a 1.pdb,P02769,Q9SCG9,463,235,108805,108805,0,18321
122,Bos d 6,Cup s 7,0.915389168699,A_313_ILE,A_26_HIS,P02769_Bos d 6.pdb,C0HLL6_Cup s 7.pdb,P02769,C0HLL6,463,30,13890,13890,0,2962
123,Bos d 6,Ran e 2,0.915286480912,A_296_SER,A_45_LYS,P02769_Bos d 6.pdb,Q8JIU1_Ran e 2.pdb,P02769,Q8JIU1,463,82,37966,37966,0,12571
124,Bos d 6,Pla a 2,0.914783884679,A_339_CYS,A_122_PRO,P02769_Bos d 6.pdb,Q6H9K0_Pla a 2.pdb,P02769,Q6H9K0,463,242,112046,112046,0,18877
125,Bos d 6,Fag s 1,0.914195015361,A_89_SER,A_94_GLU,P02769_Bos d 6.pdb,B7TWE6_Fag s 1.pdb,P02769,B7TWE6,463,138,63894,63894,0,17491
126,Bos d 6,Lol p 1,0.913806781853,A_521_VAL,A_168_THR,P02769_Bos d 6.pdb,P14946_Lol p 1.pdb,P02769,P14946,463,193,89359,89359,0,24800
127,Bos d 6,Clu h 1,0.912224515821,A_585_ASP,A_14_ALA,P02769_Bos d 6.pdb,C6GKU6_Clu h 1.pdb,P02769,C6GKU6,463,82,37966,37966,0,13051
128,Bos d 6,Bet v 4,0.911866564538,A_377_GLU,A_34_GLU,P02769_Bos d 6.pdb,Q39419_Bet v 4.pdb,P02769,Q39419,463,71,32873,32873,0,11440
129,Bos d 6,Can s 3,0.910646621864,A_561_LYS,A_91_LYS,P02769_Bos d 6.pdb,W0U0V5_Can s 3.pdb,P02769,W0U0V5,463,75,34725,34725,0,6786
130,Bos d 6,Cla h 8,0.910320316072,A_266_LYS,A_236_LYS,P02769_Bos d 6.pdb,P0C0Y5_Cla h 8.pdb,P02769,P0C0Y5,463,194,89822,89822,0,19358
131,Bos d 6,Cro p 1,0.909987220770,A_296_SER,A_43_GLN,P02769_Bos d 6.pdb,A0A7M4EAX1_Cro p 1.pdb,P02769,A0A7M4EAX1,463,86,39818,39818,0,12372
132,Bos d 6,Der f 2,0.909914432845,A_321_ILE,A_116_PRO,P02769_Bos d 6.pdb,Q00855_Der f 2.pdb,P02769,Q00855,463,124,57412,57412,0,13080
133,Bos d 6,Api g 2,0.909800819310,A_133_SER,A_66_LYS,P02769_Bos d 6.pdb,E6Y8S8_Api g 2.pdb,P02769,E6Y8S8,463,106,49078,49078,0,9069
134,Bos d 6,Par h 1,0.908811710489,A_532_PHE,A_62_ALA,P02769_Bos d 6.pdb,A0A0X9C7K4_Par h 1.pdb,P02769,A0A0X9C7K4,463,149,68987,68987,0,10521
135,Bos d 6,Tri a 14,0.907165576289,A_452_SER,A_106_LEU,P02769_Bos d 6.pdb,P24296_Tri a 14.pdb,P02769,P24296,463,102,47226,47226,0,7687
136,Bos d 6,Api m 2,0.905501105811,A_65_LYS,A_166_VAL,P02769_Bos d 6.pdb,Q08169_Api m 2.pdb,P02769,Q08169,463,268,124084,124084,0,26217
137,Bos d 6,Asp f 1,0.904383811437,A_319_ASP,A_139_PRO,P02769_Bos d 6.pdb,P67875_Asp f 1.pdb,P02769,P67875,463,143,66209,66209,0,16069
138,Bos d 6,Fel d 7,0.903925474708,A_520_TYR,A_138_PRO,P02769_Bos d 6.pdb,E5D2Z5_Fel d 7.pdb,P02769,E5D2Z5,463,156,72228,72228,0,18451
139,Bos d 6,Cav p 6,0.903217528191,A_337_ASP,A_115_LYS,P02769_Bos d 6.pdb,S0BDX9_Cav p 6.pdb,P02769,S0BDX9,463,140,64820,64820,0,15361
140,Bos d 6,Phod s 1,0.903075465581,A_451_ARG,A_65_TYR,P02769_Bos d 6.pdb,S5ZYD3_Phod s 1.pdb,P02769,S5ZYD3,463,118,54634,54634,0,13883
141,Bos d 6,Mal d 1,0.902111814838,A_40_GLU,A_134_LYS,P02769_Bos d 6.pdb,P43211_Mal d 1.pdb,P02769,P43211,463,136,62968,62968,0,17292
142,Bos d 6,Der p 2,0.902019293420,A_189_GLN,A_100_GLY,P02769_Bos d 6.pdb,P49278_Der p 2.pdb,P02769,P49278,463,123,56949,56949,0,13221
143,Bos d 6,Pis v 1,0.901690927188,A_11_LEU,A_8_LEU,P02769_Bos d 6.pdb,B7P072_Pis v 1.pdb,P02769,B7P072,463,123,56949,56949,0,8476
144,Bos d 6,Bos d 2,0.901675062422,A_599_VAL,A_95_VAL,P02769_Bos d 6.pdb,Q28133_Bos d 2.pdb,P02769,Q28133,463,131,60653,60653,0,16784
145,Bos d 6,Alt a 1,0.901575942524,A_341_ASN,A_81_LEU,P02769_Bos d 6.pdb,P79085_Alt a 1.pdb,P02769,P79085,463,137,63431,63431,0,13728
146,Bos d 6,Cry j 1,0.900524107080,A_222_ARG,A_253_ARG,P02769_Bos d 6.pdb,P18632_Cry j 1.pdb,P02769,P18632,463,238,110194,110194,0,18218
147,Bos d 6,Asp f 4,0.899243901225,A_271_GLY,A_238_GLU,P02769_Bos d 6.pdb,O60024_Asp f 4.pdb,P02769,O60024,463,250,115750,115750,0,24291
148,Bos d 6,Ole e 7,0.899079810624,A_604_THR,A_3_SER,P02769_Bos d 6.pdb,P81430_Ole e 7.pdb,P02769,P81430,463,21,9723,9723,0,1199
149,Bos d 6,Cav p 2,0.898797782211,A_296_SER,A_107_SER,P02769_Bos d 6.pdb,P83508_Cav p 2.pdb,P02769,P83508,463,134,62042,62042,0,14105
150,Bos d 6,Pru p 4,0.898497121510,A_377_GLU,A_49_ALA,P02769_Bos d 6.pdb,Q8GT40_Pru p 4.pdb,P02769,Q8GT40,463,91,42133,42133,0,7480
151,Bos d 6,Ber e 1,0.898288198322,A_118_GLN,A_38_GLU,P02769_Bos d 6.pdb,P04403_Ber e 1.pdb,P02769,P04403,463,126,58338,58338,0,6373
152,Bos d 6,Can f 4,0.898187296580,A_184_TYR,A_128_LYS,P02769_Bos d 6.pdb,D7PBH4_Can f 4.pdb,P02769,D7PBH4,463,134,62042,62042,0,12000
153,Bos d 6,Api g 1,0.897501033046,A_350_LEU,A_145_LYS,P02769_Bos d 6.pdb,P49372_Api g 1.pdb,P02769,P49372,463,138,63894,63894,0,15060
154,Bos d 6,Bet v 1,0.896281691720,A_211_LYS,A_142_GLU,P02769_Bos d 6.pdb,P15494_Bet v 1.pdb,P02769,P15494,463,135,62505,62505,0,16475
155,Bos d 6,Cit s 7,0.895745320592,A_84_ALA,A_67_GLY,P02769_Bos d 6.pdb,A0A067GPB8_Cit s 7.pdb,P02769,A0A067GPB8,463,77,35651,35651,0,10121
156,Bos d 6,Art v 4,0.895211976295,A_195_GLU,A_83_ALA,P02769_Bos d 6.pdb,Q8H2C9_Art v 4.pdb,P02769,Q8H2C9,463,90,41670,41670,0,8022
157,Bos d 6,Bet v 2,0.894832503314,A_194_ALA,A_83_ALA,P02769_Bos d 6.pdb,P25816_Bet v 2.pdb,P02769,P25816,463,94,43522,43522,0,6819
158,Bos d 6,Pho d 2,0.893096419857,A_72_GLU,A_45_GLU,P02769_Bos d 6.pdb,Q8L5D8_Pho d 2.pdb,P02769,Q8L5D8,463,90,41670,41670,0,6538
159,Bos d 6,Phl p 12,0.893093567882,A_72_GLU,A_45_GLU,P02769_Bos d 6.pdb,P35079_Phl p 12.pdb,P02769,P35079,463,91,42133,42133,0,8018
160,Bos d 6,Cor a 14,0.892821940664,A_168_ARG,A_96_GLU,P02769_Bos d 6.pdb,D0PWG2_Cor a 14.pdb,P02769,D0PWG2,463,125,57875,57875,0,6242
161,Bos d 6,Vit v 1,0.892320053985,A_236_ALA,A_8_LYS,P02769_Bos d 6.pdb,Q850K5_Vit v 1.pdb,P02769,Q850K5,463,106,49078,49078,0,7751
162,Bos d 6,Dau c 1,0.892189502382,A_490_THR,A_117_THR,P02769_Bos d 6.pdb,O04298_Dau c 1.pdb,P02769,O04298,463,136,62968,62968,0,14593
163,Bos d 6,Hev b 8,0.891786698898,A_165_ILE,A_122_LEU,P02769_Bos d 6.pdb,Q9LEI8_Hev b 8.pdb,P02769,Q9LEI8,463,92,42596,42596,0,8090
164,Bos d 6,Sola l 6,0.886881211684,A_12_LEU,A_34_LEU,P02769_Bos d 6.pdb,A0A3Q7F7X3_Sola l 6.pdb,P02769,A0A3Q7F7X3,463,83,38429,38429,0,6458
165,Bos d 6,Aln g 4,0.885339615909,A_531_THR,A_42_VAL,P02769_Bos d 6.pdb,O81701_Aln g 4.pdb,P02769,O81701,463,72,33336,33336,0,10523
166,Bos d 6,Ara h 5,0.884111182315,A_423_GLU,A_66_TYR,P02769_Bos d 6.pdb,Q9SQI9_Ara h 5.pdb,P02769,Q9SQI9,463,92,42596,42596,0,7113
167,Bos d 6,Ara h 6,0.881481350986,A_122_ARG,A_82_GLU,P02769_Bos d 6.pdb,Q647G9_Ara h 6.pdb,P02769,Q647G9,463,124,57412,57412,0,7486
168,Bos d 6,Ory c 4,0.881409194314,A_73_PHE,A_72_GLU,P02769_Bos d 6.pdb,U6C8D6_Ory c 4.pdb,P02769,U6C8D6,463,134,62042,62042,0,14188
169,Bos d 6,Cor a 8,0.881221353677,A_292_ASP,A_73_ASN,P02769_Bos d 6.pdb,Q9ATH2_Cor a 8.pdb,P02769,Q9ATH2,463,95,43985,43985,0,8606
170,Bos d 6,Mer a 1,0.877511826040,A_85_GLY,A_54_LYS,P02769_Bos d 6.pdb,O49894_Mer a 1.pdb,P02769,O49894,463,93,43059,43059,0,8750
171,Bos d 6,Phl p 7,0.876764010467,A_575_VAL,A_76_LYS,P02769_Bos d 6.pdb,O82040_Phl p 7.pdb,P02769,O82040,463,68,31484,31484,0,8102
172,Bos d 6,Amb a 4,0.875028678738,A_495_LYS,A_41_LYS,P02769_Bos d 6.pdb,D4IHC0_Amb a 4.pdb,P02769,D4IHC0,463,152,70376,70376,0,11627
173,Bos d 6,Car i 1,0.873688369128,A_236_ALA,A_6_ALA,P02769_Bos d 6.pdb,Q84XA9_Car i 1.pdb,P02769,Q84XA9,463,121,56023,56023,0,6016
174,Bos d 6,Jug r 3,0.870725392895,A_593_VAL,A_25_GLU,P02769_Bos d 6.pdb,C5H617_Jug r 3.pdb,P02769,C5H617,463,108,50004,50004,0,8487
175,Bos d 6,Pru av 3,0.867551767541,A_411_ILE,A_75_ASN,P02769_Bos d 6.pdb,Q9M5X8_Pru av 3.pdb,P02769,Q9M5X8,463,106,49078,49078,0,7344
176,Bos d 6,Zea m 14,0.865908673903,A_505_VAL,A_65_ASN,P02769_Bos d 6.pdb,P19656_Zea m 14.pdb,P02769,P19656,463,107,49541,49541,0,6406
177,Bos d 6,Mal d 3,0.861818208601,A_428_ASN,A_40_TYR,P02769_Bos d 6.pdb,Q5J026_Mal d 3.pdb,P02769,Q5J026,463,104,48152,48152,0,7568
178,Bos d 6,Ara h 9,0.860880133688,A_350_LEU,A_81_SER,P02769_Bos d 6.pdb,B6CEX8_Ara h 9.pdb,P02769,B6CEX8,463,103,47689,47689,0,7348
179,Bos d 6,Jug r 1,0.847327641383,A_8_SER,A_8_LEU,P02769_Bos d 6.pdb,P93198_Jug r 1.pdb,P02769,P93198,463,115,53245,53245,0,4814
180,Bos d 6,Pru p 3,0.840443869950,A_459_ARG,A_91_LYS,P02769_Bos d 6.pdb,P81402_Pru p 3.pdb,P02769,P81402,463,79,36577,36577,0,5230
